participant_id,source_channel,carrier,active_promo_type,promised_value,bill_count_reviewed,audit_status,material_mismatch,estimated_shortfall,price_variant,protect_clicked,actual_paid_or_preorder,notes
DK-01,,,,,,,,,,,,
DK-02,,,,,,,,,,,,
DK-03,,,,,,,,,,,,
DK-04,,,,,,,,,,,,
DK-05,,,,,,,,,,,,
DK-06,,,,,,,,,,,,
DK-07,,,,,,,,,,,,
DK-08,,,,,,,,,,,,
DK-09,,,,,,,,,,,,
DK-10,,,,,,,,,,,,
DK-11,,,,,,,,,,,,
DK-12,,,,,,,,,,,,
DK-13,,,,,,,,,,,,
DK-14,,,,,,,,,,,,
DK-15,,,,,,,,,,,,
DK-16,,,,,,,,,,,,
DK-17,,,,,,,,,,,,
DK-18,,,,,,,,,,,,
DK-19,,,,,,,,,,,,
DK-20,,,,,,,,,,,,
DK-21,,,,,,,,,,,,
DK-22,,,,,,,,,,,,
DK-23,,,,,,,,,,,,
DK-24,,,,,,,,,,,,
DK-25,,,,,,,,,,,,
DK-26,,,,,,,,,,,,
DK-27,,,,,,,,,,,,
DK-28,,,,,,,,,,,,
DK-29,,,,,,,,,,,,
DK-30,,,,,,,,,,,,
